1,Ana Silva,ana.silva@email.com,(11) 98765-4321,01001-001,ASD-1092
2,Bruno Costa,bruno.costa@email.com,(11) 98765-4322,01002-002,FGH-7812
3,Carla Pereira,carla.pereira@email.com,(11) 98765-4323,01003-003,JKL-3456
4,Daniel Almeida,daniel.almeida@email.com,(11) 98765-4324,01004-004,MNO-9012
5,Eduarda Santos,eduarda.santos@email.com,(11) 98765-4325,01005-005,PQR-5678
6,Felipe Oliveira,felipe.oliveira@email.com,(11) 91001-1006,01006-006,STU-2345
7,Giovana Martins,giovana.martins@email.com,(11) 91001-1007,01007-007,VWX-8901
8,Hugo Rocha,hugo.rocha@email.com,(11) 91001-1008,01008-008,YZA-4567
9,Isabela Fernandes,isabela.fernandes@email.com,(11) 91001-1009,01009-009,BCD-0123
10,João Gonçalves,joao.goncalves@email.com,(11) 91001-1010,01010-010,EFG-6789
11,Karen Lima,karen.lima@email.com,(11) 91001-1011,01011-011,HIJ-2345
12,Lucas Barbosa,lucas.barbosa@email.com,(11) 91001-1012,01012-012,KLM-8901
13,Mariana Gomes,mariana.gomes@email.com,(11) 91001-1013,01013-013,NOP-4567
14,Nicolas Ribeiro,nicolas.ribeiro@email.com,(11) 91001-1014,01014-014,QRS-0123
15,Olivia Castro,olivia.castro@email.com,(11) 91001-1015,01015-015,TUV-6789
16,Paulo Mendes,paulo.mendes@email.com,(11) 91001-1016,02001-001,WXY-3456
17,Quitéria Nunes,quiteria.nunes@email.com,(11) 91001-1017,02002-002,ZAB-9012
18,Rafael Pires,rafael.pires@email.com,(11) 91001-1018,02003-003,CDE-5678
19,Sofia Ramos,sofia.ramos@email.com,(11) 91001-1019,02004-004,FGH-1234
20,Thiago Souza,thiago.souza@email.com,(11) 91001-1020,02005-005,IJK-7890
21,Ursula Teixeira,ursula.teixeira@email.com,(11) 91001-1021,03001-001,LMN-3456
22,Vitor Vieira,vitor.vieira@email.com,(11) 91001-1022,03002-002,OPQ-9012
23,Wanda Xavier,wanda.xavier@email.com,(11) 91001-1023,03003-003,RST-5678
24,Xavier Zacarias,xavier.zacarias@email.com,(11) 91001-1024,03004-004,UVW-1234
25,Yara Azevedo,yara.azevedo@email.com,(11) 91001-1025,03005-005,XYZ-7890
26,Zélia Brito,zelia.brito@email.com,(11) 91001-1026,04001-001,ABC-3456
27,Álvaro Cunha,alvaro.cunha@email.com,(11) 91001-1027,04002-002,DEF-9012
28,Beatriz Dantas,beatriz.dantas@email.com,(11) 91001-1028,04003-003,GHI-5678
29,Cássio Elias,cassio.elias@email.com,(11) 91001-1029,04004-004,JKL-1234
30,Denise Franco,denise.franco@email.com,(11) 91001-1030,04005-005,MNO-7890
31,Elias Guedes,elias.guedes@email.com,(11) 91001-1031,05001-001,PQR-3456
32,Flávia Hermes,flavia.hermes@email.com,(11) 91001-1032,05002-002,STU-9012
33,Gabriel Ivo,gabriel.ivo@email.com,(11) 91001-1033,05003-003,VWX-5678
34,Helena Jabor,helena.jabor@email.com,(11) 91001-1034,05004-004,YZA-1234
35,Igor Kloss,igor.kloss@email.com,(11) 91001-1035,05005-005,BCD-7890
36,Júlia Lopes,julia.lopes@email.com,(11) 91001-1036,06001-001,EFG-3456
37,Kleber Malta,kleber.malta@email.com,(11) 91001-1037,06002-002,HIJ-9012
38,Laura Nolasco,laura.nolasco@email.com,(11) 91001-1038,06003-003,KLM-5678
39,Marcelo Ortiz,marcelo.ortiz@email.com,(11) 91001-1039,06004-004,NOP-1234
40,Natália Prates,natalia.prates@email.com,(11) 91001-1040,06005-005,QRS-7890
41,Osvaldo Queiroz,osvaldo.queiroz@email.com,(11) 91001-1041,07001-001,TUV-3456
42,Patrícia Reis,patricia.reis@email.com,(11) 91001-1042,07002-002,WXY-9012
43,Quirino Silveira,quirino.silveira@email.com,(11) 91001-1043,07003-003,ZAB-5678
44,Renata Toledo,renata.toledo@email.com,(11) 91001-1044,07004-004,CDE-1234
45,Sérgio Uchoa,sergio.uchoa@email.com,(11) 91001-1045,07005-005,FGH-7890
46,Tatiane Vasconcelos,tatiane.vasconcelos@email.com,(11) 91001-1046,08001-001,IJK-3456
47,Ubiratan Werner,ubiratan.werner@email.com,(11) 91001-1047,08002-002,LMN-9012
48,Valéria Ximenes,valeria.ximenes@email.com,(11) 91001-1048,08003-003,OPQ-5678
49,Wagner Yunes,wagner.yunes@email.com,(11) 91001-1049,08004-004,RST-1234
50,Yasmin Zanetti,yasmin.zanetti@email.com,(11) 91001-1050,08005-005,UVW-7890
51,Afonso Borges,afonso.borges@email.com,(11) 91001-1051,09001-001,XYZ-3456
52,Bárbara Chaves,barbara.chaves@email.com,(11) 91001-1052,09002-002,ABC-9012
53,Caio Diniz,caio.diniz@email.com,(11) 91001-1053,09003-003,DEF-5678
54,Diana Evangelista,diana.evangelista@email.com,(11) 91001-1054,09004-004,GHI-1234
55,Emílio Farias,emilio.farias@email.com,(11) 91001-1055,09005-005,JKL-7890
56,Fernanda Goulart,fernanda.goulart@email.com,(11) 91001-1056,11001-001,MNO-3456
57,Guilherme Holanda,guilherme.holanda@email.com,(11) 91001-1057,11002-002,PQR-9012
58,Heloísa Inácio,heloisa.inacio@email.com,(11) 91001-1058,11003-003,STU-5678
59,Ivan Jardim,ivan.jardim@email.com,(11) 91001-1059,11004-004,VWX-1234
60,Jéssica Kohl,jessica.kohl@email.com,(11) 91001-1060,11005-005,YZA-7890
61,Kauê Leite,kaue.leite@email.com,(11) 91001-1061,12001-001,BCD-3456
62,Letícia Morais,leticia.morais@email.com,(11) 91001-1062,12002-002,EFG-9012
63,Maurício Nogueira,mauricio.nogueira@email.com,(11) 91001-1063,12003-003,HIJ-5678
64,Noemi Passos,noemi.passos@email.com,(11) 91001-1064,12004-004,KLM-1234
65,Orlando Queiroz,orlando.queiroz@email.com,(11) 91001-1065,12005-005,NOP-7890
66,Pietra Ribeiro,pietra.ribeiro@email.com,(11) 91001-1066,13001-001,QRS-3456
67,Quélvin Soares,quelvin.soares@email.com,(11) 91001-1067,13002-002,TUV-9012
68,Raissa Tavares,raissa.tavares@email.com,(11) 91001-1068,13003-003,WXY-5678
69,Samuel Ulisses,samuel.ulisses@email.com,(11) 91001-1069,13004-004,ZAB-1234
70,Tainá Vasques,taina.vasques@email.com,(11) 91001-1070,13005-005,ABC-7890
71,Uriel Wanderley,uriel.wanderley@email.com,(11) 91001-1071,14001-001,DEF-3456
72,Vivian Yanez,vivian.yanez@email.com,(11) 91001-1072,14002-002,GHI-9012
73,Wallace Zucco,wallace.zucco@email.com,(11) 91001-1073,14003-003,JKL-5678
74,Xenia Albuquerque,xenia.albuquerque@email.com,(11) 91001-1074,14004-004,MNO-1234
75,Yago Barreto,yago.barreto@email.com,(11) 91001-1075,14005-005,NOP-7890
76,Zoe Campos,zoe.campos@email.com,(11) 91001-1076,15001-001,PQR-3456
77,Alice Dutra,alice.dutra@email.com,(11) 91001-1077,15002-002,STU-9012
78,Bernardo Evaristo,bernardo.evaristo@email.com,(11) 91001-1078,15003-003,VWX-5678
79,Cecília Fontes,cecilia.fontes@email.com,(11) 91001-1079,15004-004,YZA-1234
80,Diego Gonçalves,diego.goncalves@email.com,(11) 91001-1080,15005-005,BCD-7890
81,Elisa Herrera,elisa.herrera@email.com,(11) 91001-1081,18001-001,EFG-3456
82,Fabrício Ibiapina,fabricio.ibiapina@email.com,(11) 91001-1082,18002-002,HIJ-9012
83,Gisele Jucá,gisele.juca@email.com,(11) 91001-1083,18003-003,KLM-5678
84,Henrique Klein,henrique.klein@email.com,(11) 91001-1084,18004-004,NOP-1234
85,Ingrid Lacerda,ingrid.lacerda@email.com,(11) 91001-1085,18005-005,QRS-7890
86,Jonas Medeiros,jonas.medeiros@email.com,(11) 91001-1086,19001-001,TUV-3456
87,Kátia Noronha,katia.noronha@email.com,(11) 91001-1087,19002-002,WXY-9012
88,Léo Paiva,leo.paiva@email.com,(11) 91001-1088,19003-003,ZAB-5678
89,Mônica Quintana,monica.quintana@email.com,(11) 91001-1089,19004-004,CDE-1234
90,Nelson Rabelo,nelson.rabelo@email.com,(11) 91001-1090,19005-005,FGH-7890
91,Otávio Soares,otavio.soares@email.com,(11) 91001-1091,20001-001,IJK-3456
92,Priscila Tavares,priscila.tavares@email.com,(11) 91001-1092,20002-002,LMN-9012
93,Quênia Ungria,quenia.ungria@email.com,(11) 91001-1093,20003-003,OPQ-5678
94,Ricardo Viana,ricardo.viana@email.com,(11) 91001-1094,20004-004,RST-1234
95,Suelen Weber,suelen.weber@email.com,(11) 91001-1095,20005-005,UVW-7890
96,Tobias Ximenes,tobias.ximenes@email.com,(11) 91001-1096,21001-001,XYZ-3456
97,Úrsula Zaidan,ursula.zaidan@email.com,(11) 91001-1097,21002-002,ABC-9012
98,Valter Borges,valter.borges@email.com,(11) 91001-1098,21003-003,DEF-5678
99,Wilma Coelho,wilma.coelho@email.com,(11) 91001-1099,21004-004,GHI-1234
100,Yuri Diniz,yuri.diniz@email.com,(11) 91001-1100,21005-005,JKL-7890
101,Zélia Evangelista,zelia.evangelista@email.com,(11) 91001-1101,22001-001,MNO-3456
102,Artur Farias,artur.farias@email.com,(11) 91001-1102,22002-002,PQR-9012
103,Beatriz Goulart,beatriz.goulart@email.com,(11) 91001-1103,22003-003,STU-5678
104,Ciro Holanda,ciro.holanda@email.com,(11) 91001-1104,22004-004,VWX-1234
105,Dora Inácio,dora.inacio@email.com,(11) 91001-1105,22005-005,YZA-7890
106,Estevão Jorge,estevao.jorge@email.com,(11) 91001-1106,23001-001,BCD-3456
107,Flávia Kohl,flavia.kohl@email.com,(11) 91001-1107,23002-002,EFG-9012
108,Geraldo Lima,geraldo.lima@email.com,(11) 91001-1108,23003-003,HIJ-5678
109,Heloísa Matos,heloisa.matos@email.com,(11) 91001-1109,23004-004,KLM-1234
110,Igor Neves,igor.neves@email.com,(11) 91001-1110,23005-005,NOP-7890
111,Júlia Ortiz,julia.ortiz@email.com,(11) 91001-1111,24001-001,QRS-3456
112,Kleber Pires,kleber.pires@email.com,(11) 91001-1112,24002-002,TUV-9012
113,Luana Ramos,luana.ramos@email.com,(11) 91001-1113,24003-003,WXY-5678
114,Mário Soares,mario.soares@email.com,(11) 91001-1114,24004-004,ZAB-1234
115,Nina Teixeira,nina.teixeira@email.com,(11) 91001-1115,24005-005,ABC-7890
116,Otávio Uchoa,otavio.uchoa@email.com,(11) 91001-1116,25001-001,DEF-3456
117,Paula Viana,paula.viana@email.com,(11) 91001-1117,25002-002,GHI-9012
118,Quênia Xavier,quenia.xavier@email.com,(11) 91001-1118,25003-003,JKL-5678
119,Rafael Yunes,rafael.yunes@email.com,(11) 91001-1119,25004-004,MNO-1234
120,Sílvia Zacarias,silvia.zacarias@email.com,(11) 91001-1120,25005-005,NOP-7890
121,Thiago Azevedo,thiago.azevedo@email.com,(11) 91001-1121,26001-001,PQR-3456
122,Úrsula Borges,ursula.borges@email.com,(11) 91001-1122,26002-002,TUV-9012
123,Vitor Costa,vitor.costa@email.com,(11) 91001-1123,26003-003,WXY-5678
124,Wanda Dantas,wanda.dantas@email.com,(11) 91001-1124,26004-004,ZAB-1234
125,Xavier Elias,xavier.elias@email.com,(11) 91001-1125,26005-005,ABC-7890
126,Yago Franco,yago.franco@email.com,(11) 91001-1126,27001-001,DEF-3456
127,Zélia Guedes,zelia.guedes@email.com,(11) 91001-1127,27002-002,GHI-9012
128,Aline Hermes,aline.hermes@email.com,(11) 91001-1128,27003-003,JKL-5678
129,Breno Ivo,breno.ivo@email.com,(11) 91001-1129,27004-004,MNO-1234
130,Clara Jardim,clara.jardim@email.com,(11) 91001-1130,27005-005,NOP-7890
131,Davi Kohl,davi.kohl@email.com,(11) 91001-1131,28001-001,PQR-3456
132,Elisa Leite,elisa.leite@email.com,(11) 91001-1132,28002-002,TUV-9012
133,Fábio Matos,fabio.matos@email.com,(11) 91001-1133,28003-003,WXY-5678
134,Giovana Neves,giovana.neves@email.com,(11) 91001-1134,28004-004,ZAB-1234
135,Henrique Ortiz,henrique.ortiz@email.com,(11) 91001-1135,28005-005,ABC-7890
136,Isabela Pires,isabela.pires@email.com,(11) 91001-1136,29001-001,DEF-3456
137,Júlio Ramos,julio.ramos@email.com,(11) 91001-1137,29002-002,GHI-9012
138,Kátia Soares,katia.soares@email.com,(11) 91001-1138,29003-003,JKL-5678
139,Lucas Teixeira,lucas.teixeira@email.com,(11) 91001-1139,29004-004,MNO-1234
140,Marina Uchoa,marina.uchoa@email.com,(11) 91001-1140,29005-005,NOP-7890
141,Nádia Viana,nadia.viana@email.com,(11) 91001-1141,30001-001,PQR-3456
142,Otávio Werner,otavio.werner@email.com,(11) 91001-1142,30002-002,TUV-9012
143,Priscila Xavier,priscila.xavier@email.com,(11) 91001-1143,30003-003,WXY-5678
144,Quirino Yanez,quirino.yanez@email.com,(11) 91001-1144,30004-004,ZAB-1234
145,Renata Zico,renata.zico@email.com,(11) 91001-1145,30005-005,ABC-7890
146,Sérgio Almeida,sergio.almeida@email.com,(11) 91001-1146,31001-001,DEF-3456
147,Tatiana Barbosa,tatiana.barbosa@email.com,(11) 91001-1147,31002-002,GHI-9012
148,Ulisses Castro,ulisses.castro@email.com,(11) 91001-1148,31003-003,JKL-5678
149,Viviane Diniz,viviane.diniz@email.com,(11) 91001-1149,31004-004,MNO-1234
150,Wagner Elias,wagner.elias@email.com,(11) 91001-1150,31005-005,NOP-7890
151,Xenia Franco,xenia.franco@email.com,(11) 91001-1151,32001-001,PQR-3456
152,Yago Guedes,yago.guedes@email.com,(11) 91001-1152,32002-002,TUV-9012
153,Zélia Hermes,zelia.hermes@email.com,(11) 91001-1153,32003-003,WXY-5678
154,Alan Ivo,alan.ivo@email.com,(11) 91001-1154,32004-004,ZAB-1234
155,Bruna Jardim,bruna.jardim@email.com,(11) 91001-1155,32005-005,ABC-78